,names,url,ingredients
1,Mie Goreng,https://panlasangpinoy.com/mie-goreng/,chicken breast 
2,Mie Goreng,https://panlasangpinoy.com/mie-goreng/,shrimp shells 
3,Mie Goreng,https://panlasangpinoy.com/mie-goreng/,eggs 
4,Mie Goreng,https://panlasangpinoy.com/mie-goreng/,bean sprouts 
5,Mie Goreng,https://panlasangpinoy.com/mie-goreng/,green onions 
6,Mie Goreng,https://panlasangpinoy.com/mie-goreng/,baby bok choy 
7,Mie Goreng,https://panlasangpinoy.com/mie-goreng/,garlic 
8,Mie Goreng,https://panlasangpinoy.com/mie-goreng/,water 
9,Mie Goreng,https://panlasangpinoy.com/mie-goreng/,cooking oil 
10,Mie Goreng,https://panlasangpinoy.com/mie-goreng/,kecap manis 
11,Mie Goreng,https://panlasangpinoy.com/mie-goreng/,soy 
12,Mie Goreng,https://panlasangpinoy.com/mie-goreng/,Oyster Sauce 
16,Batangas Kaldereta,https://panlasangpinoy.com/batangas-kaldereta/,beef chuck 
17,Batangas Kaldereta,https://panlasangpinoy.com/batangas-kaldereta/,red onions 
18,Batangas Kaldereta,https://panlasangpinoy.com/batangas-kaldereta/,cloves garlic 
19,Batangas Kaldereta,https://panlasangpinoy.com/batangas-kaldereta/,liver spread 
20,Batangas Kaldereta,https://panlasangpinoy.com/batangas-kaldereta/,butter optional 
21,Batangas Kaldereta,https://panlasangpinoy.com/batangas-kaldereta/,cheddar cheese 
22,Batangas Kaldereta,https://panlasangpinoy.com/batangas-kaldereta/,sweet pickle relish 
23,Batangas Kaldereta,https://panlasangpinoy.com/batangas-kaldereta/,tsp annatto powder 
24,Batangas Kaldereta,https://panlasangpinoy.com/batangas-kaldereta/,tbsp beef powder 
25,Batangas Kaldereta,https://panlasangpinoy.com/batangas-kaldereta/,pcs Thai chili pepper 
26,Batangas Kaldereta,https://panlasangpinoy.com/batangas-kaldereta/,soy sauce 
27,Batangas Kaldereta,https://panlasangpinoy.com/batangas-kaldereta/,tbsp Worcestershire sauce 
28,Batangas Kaldereta,https://panlasangpinoy.com/batangas-kaldereta/,water 
29,Batangas Kaldereta,https://panlasangpinoy.com/batangas-kaldereta/,tbsp margarine 
30,Batangas Kaldereta,https://panlasangpinoy.com/batangas-kaldereta/,tbsp breadcrumbs 
31,Batangas Kaldereta,https://panlasangpinoy.com/batangas-kaldereta/,salt 
32,Batangas Kaldereta,https://panlasangpinoy.com/batangas-kaldereta/,black pepper 
33,Burger Steak Sardinas,https://panlasangpinoy.com/burger-steak-sardinas/,cans sardines 
34,Burger Steak Sardinas,https://panlasangpinoy.com/burger-steak-sardinas/,banana blossoms 
35,Burger Steak Sardinas,https://panlasangpinoy.com/burger-steak-sardinas/,egg 
36,Burger Steak Sardinas,https://panlasangpinoy.com/burger-steak-sardinas/,purpose flour 
37,Burger Steak Sardinas,https://panlasangpinoy.com/burger-steak-sardinas/,onion powder 
38,Burger Steak Sardinas,https://panlasangpinoy.com/burger-steak-sardinas/,1⁄2 garlic powder 
39,Burger Steak Sardinas,https://panlasangpinoy.com/burger-steak-sardinas/,salt 
40,Burger Steak Sardinas,https://panlasangpinoy.com/burger-steak-sardinas/,black pepper 
41,Burger Steak Sardinas,https://panlasangpinoy.com/burger-steak-sardinas/,cooking oil 
42,Burger Steak Sardinas,https://panlasangpinoy.com/burger-steak-sardinas/,butter 
44,Burger Steak Sardinas,https://panlasangpinoy.com/burger-steak-sardinas/,milk 
45,Burger Steak Sardinas,https://panlasangpinoy.com/burger-steak-sardinas/,onion powder 
46,Burger Steak Sardinas,https://panlasangpinoy.com/burger-steak-sardinas/,Salt 
47,Kung Pao Chicken Recipe,https://panlasangpinoy.com/kung-pao-chicken-recipe/,lbs boneless chicken thigh 
48,Kung Pao Chicken Recipe,https://panlasangpinoy.com/kung-pao-chicken-recipe/,soy sauce 
50,Kung Pao Chicken Recipe,https://panlasangpinoy.com/kung-pao-chicken-recipe/,cornstarch 
51,Kung Pao Chicken Recipe,https://panlasangpinoy.com/kung-pao-chicken-recipe/,pinch 
52,Kung Pao Chicken Recipe,https://panlasangpinoy.com/kung-pao-chicken-recipe/,dried chilies 
53,Kung Pao Chicken Recipe,https://panlasangpinoy.com/kung-pao-chicken-recipe/,ginger 
54,Kung Pao Chicken Recipe,https://panlasangpinoy.com/kung-pao-chicken-recipe/,garlic 
55,Kung Pao Chicken Recipe,https://panlasangpinoy.com/kung-pao-chicken-recipe/,green onions 
56,Kung Pao Chicken Recipe,https://panlasangpinoy.com/kung-pao-chicken-recipe/,zucchini 
57,Kung Pao Chicken Recipe,https://panlasangpinoy.com/kung-pao-chicken-recipe/,red bell pepper 
58,Kung Pao Chicken Recipe,https://panlasangpinoy.com/kung-pao-chicken-recipe/,roasted peanuts 
60,Kung Pao Chicken Recipe,https://panlasangpinoy.com/kung-pao-chicken-recipe/,soy 
61,Kung Pao Chicken Recipe,https://panlasangpinoy.com/kung-pao-chicken-recipe/,dark soy sauce 
62,Kung Pao Chicken Recipe,https://panlasangpinoy.com/kung-pao-chicken-recipe/,rice vinegar 
63,Kung Pao Chicken Recipe,https://panlasangpinoy.com/kung-pao-chicken-recipe/,honey 
65,Kung Pao Chicken Recipe,https://panlasangpinoy.com/kung-pao-chicken-recipe/,cornstarch 
66,Kung Pao Chicken Recipe,https://panlasangpinoy.com/kung-pao-chicken-recipe/,chicken stock 
67,Crispy Garlic Fried Chicken Wings,https://panlasangpinoy.com/crispy-garlic-fried-chicken-wings/,lbs chicken wings 
69,Crispy Garlic Fried Chicken Wings,https://panlasangpinoy.com/crispy-garlic-fried-chicken-wings/,cornstarch 
71,Crispy Garlic Fried Chicken Wings,https://panlasangpinoy.com/crispy-garlic-fried-chicken-wings/,cooking oil 
72,Crispy Garlic Fried Chicken Wings,https://panlasangpinoy.com/crispy-garlic-fried-chicken-wings/,garlic powder 
73,Crispy Garlic Fried Chicken Wings,https://panlasangpinoy.com/crispy-garlic-fried-chicken-wings/,onion powder 
74,Crispy Garlic Fried Chicken Wings,https://panlasangpinoy.com/crispy-garlic-fried-chicken-wings/,paprika 
75,Crispy Garlic Fried Chicken Wings,https://panlasangpinoy.com/crispy-garlic-fried-chicken-wings/,head garlic 
77,Crispy Garlic Fried Chicken Wings,https://panlasangpinoy.com/crispy-garlic-fried-chicken-wings/,salt 
78,Crispy Garlic Fried Chicken Wings,https://panlasangpinoy.com/crispy-garlic-fried-chicken-wings/,soy 
79,Crispy Garlic Fried Chicken Wings,https://panlasangpinoy.com/crispy-garlic-fried-chicken-wings/,mayonnaise 
80,Crispy Garlic Fried Chicken Wings,https://panlasangpinoy.com/crispy-garlic-fried-chicken-wings/,sour cream 
81,Crispy Garlic Fried Chicken Wings,https://panlasangpinoy.com/crispy-garlic-fried-chicken-wings/,dill 
82,Crispy Garlic Fried Chicken Wings,https://panlasangpinoy.com/crispy-garlic-fried-chicken-wings/,parsley 
83,Crispy Garlic Fried Chicken Wings,https://panlasangpinoy.com/crispy-garlic-fried-chicken-wings/,garlic powder 
84,Crispy Garlic Fried Chicken Wings,https://panlasangpinoy.com/crispy-garlic-fried-chicken-wings/,onion powder 
85,Crispy Garlic Fried Chicken Wings,https://panlasangpinoy.com/crispy-garlic-fried-chicken-wings/,kosher salt 
87,Crispy Garlic Fried Chicken Wings,https://panlasangpinoy.com/crispy-garlic-fried-chicken-wings/,lime 
88,Sarciadong Pechay,https://panlasangpinoy.com/sarciadong-pechay/,bunches pechay 
89,Sarciadong Pechay,https://panlasangpinoy.com/sarciadong-pechay/,eggs 
90,Sarciadong Pechay,https://panlasangpinoy.com/sarciadong-pechay/,tomatoes 
91,Sarciadong Pechay,https://panlasangpinoy.com/sarciadong-pechay/,garlic 
92,Sarciadong Pechay,https://panlasangpinoy.com/sarciadong-pechay/,onion 
93,Sarciadong Pechay,https://panlasangpinoy.com/sarciadong-pechay/,water 
95,Sarciadong Pechay,https://panlasangpinoy.com/sarciadong-pechay/,Fish sauce 
96,Calderetang Manok,https://panlasangpinoy.com/calderetang-manok/,lbs chicken 
97,Calderetang Manok,https://panlasangpinoy.com/calderetang-manok/,bell peppers 
98,Calderetang Manok,https://panlasangpinoy.com/calderetang-manok/,potato 
99,Calderetang Manok,https://panlasangpinoy.com/calderetang-manok/,carrots 
100,Calderetang Manok,https://panlasangpinoy.com/calderetang-manok/,tomato sauce 
101,Calderetang Manok,https://panlasangpinoy.com/calderetang-manok/,liver spread 
102,Calderetang Manok,https://panlasangpinoy.com/calderetang-manok/,soy 
103,Calderetang Manok,https://panlasangpinoy.com/calderetang-manok/,water 
104,Calderetang Manok,https://panlasangpinoy.com/calderetang-manok/,onion 
105,Calderetang Manok,https://panlasangpinoy.com/calderetang-manok/,cloves 
106,Calderetang Manok,https://panlasangpinoy.com/calderetang-manok/,1⁄2 garlic powder 
107,Calderetang Manok,https://panlasangpinoy.com/calderetang-manok/,ounce cheese 
108,Calderetang Manok,https://panlasangpinoy.com/calderetang-manok/,cooking oil 
109,Calderetang Manok,https://panlasangpinoy.com/calderetang-manok/,lime 
110,Calderetang Manok,https://panlasangpinoy.com/calderetang-manok/,Fish sauce 
111,Ginisang Repolyo with Egg,https://panlasangpinoy.com/ginisang-repolyo-with-egg/,head cabbage 
112,Ginisang Repolyo with Egg,https://panlasangpinoy.com/ginisang-repolyo-with-egg/,eggs 
114,Ginisang Repolyo with Egg,https://panlasangpinoy.com/ginisang-repolyo-with-egg/,onion 
115,Ginisang Repolyo with Egg,https://panlasangpinoy.com/ginisang-repolyo-with-egg/,bunch green onions 
116,Ginisang Repolyo with Egg,https://panlasangpinoy.com/ginisang-repolyo-with-egg/,garlic 
117,Ginisang Repolyo with Egg,https://panlasangpinoy.com/ginisang-repolyo-with-egg/,soy 
118,Ginisang Repolyo with Egg,https://panlasangpinoy.com/ginisang-repolyo-with-egg/,oyster sauce 
120,Ginisang Repolyo with Egg,https://panlasangpinoy.com/ginisang-repolyo-with-egg/,salt 
121,Ginisang Repolyo with Egg,https://panlasangpinoy.com/ginisang-repolyo-with-egg/,black pepper 
122,Ginisang Repolyo with Egg,https://panlasangpinoy.com/ginisang-repolyo-with-egg/,sugar optional 
124,Chicken Gizzard Ginataan,https://panlasangpinoy.com/chicken-gizzard-ginataan/,lbs chicken gizzard 
125,Chicken Gizzard Ginataan,https://panlasangpinoy.com/chicken-gizzard-ginataan/,coconut milk 
127,Chicken Gizzard Ginataan,https://panlasangpinoy.com/chicken-gizzard-ginataan/,red bell pepper 
128,Chicken Gizzard Ginataan,https://panlasangpinoy.com/chicken-gizzard-ginataan/,onion 
130,Chicken Gizzard Ginataan,https://panlasangpinoy.com/chicken-gizzard-ginataan/,garlic 
131,Chicken Gizzard Ginataan,https://panlasangpinoy.com/chicken-gizzard-ginataan/,bay leaves 
133,Chicken Gizzard Ginataan,https://panlasangpinoy.com/chicken-gizzard-ginataan/,water 
134,Chicken Gizzard Ginataan,https://panlasangpinoy.com/chicken-gizzard-ginataan/,Fish sauce 
135,Filipino Chicken Adobo Recipe,https://panlasangpinoy.com/filipino-chicken-adobo-recipe/,lbs chicken 
137,Filipino Chicken Adobo Recipe,https://panlasangpinoy.com/filipino-chicken-adobo-recipe/,soy sauce 
138,Filipino Chicken Adobo Recipe,https://panlasangpinoy.com/filipino-chicken-adobo-recipe/,white vinegar 
139,Filipino Chicken Adobo Recipe,https://panlasangpinoy.com/filipino-chicken-adobo-recipe/,cloves garlic 
140,Filipino Chicken Adobo Recipe,https://panlasangpinoy.com/filipino-chicken-adobo-recipe/,water 
142,Filipino Chicken Adobo Recipe,https://panlasangpinoy.com/filipino-chicken-adobo-recipe/,sugar 
143,Filipino Chicken Adobo Recipe,https://panlasangpinoy.com/filipino-chicken-adobo-recipe/,salt 
144,Filipino Chicken Adobo Recipe,https://panlasangpinoy.com/filipino-chicken-adobo-recipe/,whole peppercorn 
145,Pork Kilawin,https://panlasangpinoy.com/pork-kilawin/,lb pork belly 
146,Pork Kilawin,https://panlasangpinoy.com/pork-kilawin/,cucumbers 
147,Pork Kilawin,https://panlasangpinoy.com/pork-kilawin/,optional tomatoes 
148,Pork Kilawin,https://panlasangpinoy.com/pork-kilawin/,red onion 
149,Pork Kilawin,https://panlasangpinoy.com/pork-kilawin/,pieces chili pepper 
150,Pork Kilawin,https://panlasangpinoy.com/pork-kilawin/,white vinegar 
151,Pork Kilawin,https://panlasangpinoy.com/pork-kilawin/,soy sauce 
153,Pork Kilawin,https://panlasangpinoy.com/pork-kilawin/,salt 
154,Pork Kilawin,https://panlasangpinoy.com/pork-kilawin/,black pepper 
155,Pork Kilawin,https://panlasangpinoy.com/pork-kilawin/,1⁄2 soy sauce 
156,Pork Kilawin,https://panlasangpinoy.com/pork-kilawin/,banana ketchup 
157,Pork Kilawin,https://panlasangpinoy.com/pork-kilawin/,head garlic 
158,Pork Kilawin,https://panlasangpinoy.com/pork-kilawin/,1⁄2 lemon 
159,Pork Kilawin,https://panlasangpinoy.com/pork-kilawin/,onion powder 
160,Pork Kilawin,https://panlasangpinoy.com/pork-kilawin/,salt 
161,Pork Kilawin,https://panlasangpinoy.com/pork-kilawin/,black pepper 
162,Pork Hamonado Recipe,https://panlasangpinoy.com/pork-hamonado/,lbs pork belly 
163,Pork Hamonado Recipe,https://panlasangpinoy.com/pork-hamonado/,pineapple juice 
164,Pork Hamonado Recipe,https://panlasangpinoy.com/pork-hamonado/,pineapple chunks 
165,Pork Hamonado Recipe,https://panlasangpinoy.com/pork-hamonado/,cloves garlic 
166,Pork Hamonado Recipe,https://panlasangpinoy.com/pork-hamonado/,soy 
167,Pork Hamonado Recipe,https://panlasangpinoy.com/pork-hamonado/,brown sugar 
170,Pork Hamonado Recipe,https://panlasangpinoy.com/pork-hamonado/,Salt 
171,Braised Pork Belly with Potato and Peppers,https://panlasangpinoy.com/braised-pork-belly-with-potato-and-peppers/,lbs pork belly 
172,Braised Pork Belly with Potato and Peppers,https://panlasangpinoy.com/braised-pork-belly-with-potato-and-peppers/,pieces potato 
173,Braised Pork Belly with Potato and Peppers,https://panlasangpinoy.com/braised-pork-belly-with-potato-and-peppers/,soy 
174,Braised Pork Belly with Potato and Peppers,https://panlasangpinoy.com/braised-pork-belly-with-potato-and-peppers/,oyster sauce 
177,Braised Pork Belly with Potato and Peppers,https://panlasangpinoy.com/braised-pork-belly-with-potato-and-peppers/,cloves 
178,Braised Pork Belly with Potato and Peppers,https://panlasangpinoy.com/braised-pork-belly-with-potato-and-peppers/,piece onion 
179,Braised Pork Belly with Potato and Peppers,https://panlasangpinoy.com/braised-pork-belly-with-potato-and-peppers/,pieces 
180,Braised Pork Belly with Potato and Peppers,https://panlasangpinoy.com/braised-pork-belly-with-potato-and-peppers/,water 
181,Braised Pork Belly with Potato and Peppers,https://panlasangpinoy.com/braised-pork-belly-with-potato-and-peppers/,brown sugar 
182,Braised Pork Belly with Potato and Peppers,https://panlasangpinoy.com/braised-pork-belly-with-potato-and-peppers/,black pepper 
183,Braised Pork Belly with Potato and Peppers,https://panlasangpinoy.com/braised-pork-belly-with-potato-and-peppers/,Salt 
184,Fried Eggplant (Crispy Fritters),https://panlasangpinoy.com/fried-eggplant-crispy-fritters/,pieces 
185,Fried Eggplant (Crispy Fritters),https://panlasangpinoy.com/fried-eggplant-crispy-fritters/,pieces eggs 
186,Fried Eggplant (Crispy Fritters),https://panlasangpinoy.com/fried-eggplant-crispy-fritters/,green onions 
187,Fried Eggplant (Crispy Fritters),https://panlasangpinoy.com/fried-eggplant-crispy-fritters/,cornstarch 
190,Fried Eggplant (Crispy Fritters),https://panlasangpinoy.com/fried-eggplant-crispy-fritters/,salt 
191,Fried Eggplant (Crispy Fritters),https://panlasangpinoy.com/fried-eggplant-crispy-fritters/,black pepper 
192,Fried Eggplant (Crispy Fritters),https://panlasangpinoy.com/fried-eggplant-crispy-fritters/,water 
193,Fried Eggplant (Crispy Fritters),https://panlasangpinoy.com/fried-eggplant-crispy-fritters/,cooking oil 
194,Fried Eggplant (Crispy Fritters),https://panlasangpinoy.com/fried-eggplant-crispy-fritters/,white vinegar 
195,Fried Eggplant (Crispy Fritters),https://panlasangpinoy.com/fried-eggplant-crispy-fritters/,soy sauce 
196,Fried Eggplant (Crispy Fritters),https://panlasangpinoy.com/fried-eggplant-crispy-fritters/,1⁄2 red onion 
197,Fried Eggplant (Crispy Fritters),https://panlasangpinoy.com/fried-eggplant-crispy-fritters/,green onion 
198,Fried Eggplant (Crispy Fritters),https://panlasangpinoy.com/fried-eggplant-crispy-fritters/,Thai chili pepper 
199,Fried Eggplant (Crispy Fritters),https://panlasangpinoy.com/fried-eggplant-crispy-fritters/,garlic 
200,Fried Eggplant (Crispy Fritters),https://panlasangpinoy.com/fried-eggplant-crispy-fritters/,sugar 
201,Fried Eggplant (Crispy Fritters),https://panlasangpinoy.com/fried-eggplant-crispy-fritters/,salt 
202,Fried Eggplant (Crispy Fritters),https://panlasangpinoy.com/fried-eggplant-crispy-fritters/,black pepper 
203,Stir Fry Eggplant Recipe,https://panlasangpinoy.com/stir-fry-eggplant-recipe/,pieces Chinese eggplant 
204,Stir Fry Eggplant Recipe,https://panlasangpinoy.com/stir-fry-eggplant-recipe/,ground pork 
205,Stir Fry Eggplant Recipe,https://panlasangpinoy.com/stir-fry-eggplant-recipe/,cornstarch 
207,Stir Fry Eggplant Recipe,https://panlasangpinoy.com/stir-fry-eggplant-recipe/,green onions 
208,Stir Fry Eggplant Recipe,https://panlasangpinoy.com/stir-fry-eggplant-recipe/,salt 
209,Stir Fry Eggplant Recipe,https://panlasangpinoy.com/stir-fry-eggplant-recipe/,water 
210,Stir Fry Eggplant Recipe,https://panlasangpinoy.com/stir-fry-eggplant-recipe/,cooking oil 
212,Stir Fry Eggplant Recipe,https://panlasangpinoy.com/stir-fry-eggplant-recipe/,garlic 
213,Stir Fry Eggplant Recipe,https://panlasangpinoy.com/stir-fry-eggplant-recipe/,Thai chili pepper 
214,Stir Fry Eggplant Recipe,https://panlasangpinoy.com/stir-fry-eggplant-recipe/,sugar 
215,Stir Fry Eggplant Recipe,https://panlasangpinoy.com/stir-fry-eggplant-recipe/,salt 
216,Stir Fry Eggplant Recipe,https://panlasangpinoy.com/stir-fry-eggplant-recipe/,soy sauce 
217,Stir Fry Eggplant Recipe,https://panlasangpinoy.com/stir-fry-eggplant-recipe/,vinegar 
218,Stir Fry Eggplant Recipe,https://panlasangpinoy.com/stir-fry-eggplant-recipe/,oyster sauce 
219,Stir Fry Eggplant Recipe,https://panlasangpinoy.com/stir-fry-eggplant-recipe/,water 
221,Ham Fried Rice,https://panlasangpinoy.com/ham-fried-rice/,ham 
222,Ham Fried Rice,https://panlasangpinoy.com/ham-fried-rice/,piece bell pepper 
223,Ham Fried Rice,https://panlasangpinoy.com/ham-fried-rice/,piece onion 
224,Ham Fried Rice,https://panlasangpinoy.com/ham-fried-rice/,green onion white part 
225,Ham Fried Rice,https://panlasangpinoy.com/ham-fried-rice/,pieces eggs 
226,Ham Fried Rice,https://panlasangpinoy.com/ham-fried-rice/,soy 
227,Ham Fried Rice,https://panlasangpinoy.com/ham-fried-rice/,sesame oil 
228,Ham Fried Rice,https://panlasangpinoy.com/ham-fried-rice/,canola oil 
229,Ham Fried Rice,https://panlasangpinoy.com/ham-fried-rice/,Salt 
232,Crispy Pancit Canton Noodles Recipe,https://panlasangpinoy.com/crispy-pancit-canton-noodles-recipe/,pieces shrimp 
233,Crispy Pancit Canton Noodles Recipe,https://panlasangpinoy.com/crispy-pancit-canton-noodles-recipe/,pieces quail eggs 
234,Crispy Pancit Canton Noodles Recipe,https://panlasangpinoy.com/crispy-pancit-canton-noodles-recipe/,chicken thigh 
235,Crispy Pancit Canton Noodles Recipe,https://panlasangpinoy.com/crispy-pancit-canton-noodles-recipe/,piece carrot 
236,Crispy Pancit Canton Noodles Recipe,https://panlasangpinoy.com/crispy-pancit-canton-noodles-recipe/,baby bok choy 
237,Crispy Pancit Canton Noodles Recipe,https://panlasangpinoy.com/crispy-pancit-canton-noodles-recipe/,green onion 
238,Crispy Pancit Canton Noodles Recipe,https://panlasangpinoy.com/crispy-pancit-canton-noodles-recipe/,garlic 
239,Crispy Pancit Canton Noodles Recipe,https://panlasangpinoy.com/crispy-pancit-canton-noodles-recipe/,oyster sauce 
240,Crispy Pancit Canton Noodles Recipe,https://panlasangpinoy.com/crispy-pancit-canton-noodles-recipe/,sesame oil 
241,Crispy Pancit Canton Noodles Recipe,https://panlasangpinoy.com/crispy-pancit-canton-noodles-recipe/,water 
242,Crispy Pancit Canton Noodles Recipe,https://panlasangpinoy.com/crispy-pancit-canton-noodles-recipe/,cooking oil 
243,Easy Pork Afritada,https://panlasangpinoy.com/easy-pork-afritada/,lbs pork belly 
244,Easy Pork Afritada,https://panlasangpinoy.com/easy-pork-afritada/,piece Knorr Pork Cube 
245,Easy Pork Afritada,https://panlasangpinoy.com/easy-pork-afritada/,pieces hotdogs 
246,Easy Pork Afritada,https://panlasangpinoy.com/easy-pork-afritada/,pieces potatoes 
247,Easy Pork Afritada,https://panlasangpinoy.com/easy-pork-afritada/,pieces carrots 
248,Easy Pork Afritada,https://panlasangpinoy.com/easy-pork-afritada/,tomato sauce 
249,Easy Pork Afritada,https://panlasangpinoy.com/easy-pork-afritada/,pieces bay leaves 
250,Easy Pork Afritada,https://panlasangpinoy.com/easy-pork-afritada/,piece red bell pepper 
251,Easy Pork Afritada,https://panlasangpinoy.com/easy-pork-afritada/,piece bell pepper 
252,Easy Pork Afritada,https://panlasangpinoy.com/easy-pork-afritada/,garlic 
253,Easy Pork Afritada,https://panlasangpinoy.com/easy-pork-afritada/,piece onion 
254,Easy Pork Afritada,https://panlasangpinoy.com/easy-pork-afritada/,water 
255,Easy Pork Afritada,https://panlasangpinoy.com/easy-pork-afritada/,Salt 
257,Siomai (Pork and Shrimp) with Chili Garlic Oil,https://panlasangpinoy.com/siomai-pork-and-shrimp-with-chili-garlic-oil/,lbs ground pork 
258,Siomai (Pork and Shrimp) with Chili Garlic Oil,https://panlasangpinoy.com/siomai-pork-and-shrimp-with-chili-garlic-oil/,see 
259,Siomai (Pork and Shrimp) with Chili Garlic Oil,https://panlasangpinoy.com/siomai-pork-and-shrimp-with-chili-garlic-oil/,ml Knorr Liquid Seasoning 
260,Siomai (Pork and Shrimp) with Chili Garlic Oil,https://panlasangpinoy.com/siomai-pork-and-shrimp-with-chili-garlic-oil/,onion 
261,Siomai (Pork and Shrimp) with Chili Garlic Oil,https://panlasangpinoy.com/siomai-pork-and-shrimp-with-chili-garlic-oil/,carrot 
262,Siomai (Pork and Shrimp) with Chili Garlic Oil,https://panlasangpinoy.com/siomai-pork-and-shrimp-with-chili-garlic-oil/,green onion 
263,Siomai (Pork and Shrimp) with Chili Garlic Oil,https://panlasangpinoy.com/siomai-pork-and-shrimp-with-chili-garlic-oil/,cornstarch 
264,Siomai (Pork and Shrimp) with Chili Garlic Oil,https://panlasangpinoy.com/siomai-pork-and-shrimp-with-chili-garlic-oil/,piece egg 
266,Siomai (Pork and Shrimp) with Chili Garlic Oil,https://panlasangpinoy.com/siomai-pork-and-shrimp-with-chili-garlic-oil/,salt 
267,Siomai (Pork and Shrimp) with Chili Garlic Oil,https://panlasangpinoy.com/siomai-pork-and-shrimp-with-chili-garlic-oil/,black pepper 
268,Siomai (Pork and Shrimp) with Chili Garlic Oil,https://panlasangpinoy.com/siomai-pork-and-shrimp-with-chili-garlic-oil/,pieces wonton wrapper 
269,Siomai (Pork and Shrimp) with Chili Garlic Oil,https://panlasangpinoy.com/siomai-pork-and-shrimp-with-chili-garlic-oil/,heads garlic 
270,Siomai (Pork and Shrimp) with Chili Garlic Oil,https://panlasangpinoy.com/siomai-pork-and-shrimp-with-chili-garlic-oil/,Thai chili pepper 
271,Siomai (Pork and Shrimp) with Chili Garlic Oil,https://panlasangpinoy.com/siomai-pork-and-shrimp-with-chili-garlic-oil/,pieces star anise 
272,Siomai (Pork and Shrimp) with Chili Garlic Oil,https://panlasangpinoy.com/siomai-pork-and-shrimp-with-chili-garlic-oil/,bay leaves 
273,Siomai (Pork and Shrimp) with Chili Garlic Oil,https://panlasangpinoy.com/siomai-pork-and-shrimp-with-chili-garlic-oil/,white vinegar 
275,Siomai (Pork and Shrimp) with Chili Garlic Oil,https://panlasangpinoy.com/siomai-pork-and-shrimp-with-chili-garlic-oil/,salt 
276,Siomai (Pork and Shrimp) with Chili Garlic Oil,https://panlasangpinoy.com/siomai-pork-and-shrimp-with-chili-garlic-oil/,oyster sauce see 
277,Pork Chop Steak,https://panlasangpinoy.com/pork-chop-steak/,lbs pork chop 
278,Pork Chop Steak,https://panlasangpinoy.com/pork-chop-steak/,piece Knorr Pork Cube 
279,Pork Chop Steak,https://panlasangpinoy.com/pork-chop-steak/,1⁄2 soy sauce 
280,Pork Chop Steak,https://panlasangpinoy.com/pork-chop-steak/,piece lemon 
281,Pork Chop Steak,https://panlasangpinoy.com/pork-chop-steak/,yellow onions 
282,Pork Chop Steak,https://panlasangpinoy.com/pork-chop-steak/,cloves garlic 
283,Pork Chop Steak,https://panlasangpinoy.com/pork-chop-steak/,cornstarch 
284,Pork Chop Steak,https://panlasangpinoy.com/pork-chop-steak/,water 
286,Pork Chop Steak,https://panlasangpinoy.com/pork-chop-steak/,Ground black pepper 
287,Creamy Tofu with Mixed Vegetables,https://panlasangpinoy.com/creamy-tofu-with-mixed-vegetables/,extra firm tofu 
289,Creamy Tofu with Mixed Vegetables,https://panlasangpinoy.com/creamy-tofu-with-mixed-vegetables/,piece Knorr Chicken Cube 
290,Creamy Tofu with Mixed Vegetables,https://panlasangpinoy.com/creamy-tofu-with-mixed-vegetables/,purpose cream 
291,Creamy Tofu with Mixed Vegetables,https://panlasangpinoy.com/creamy-tofu-with-mixed-vegetables/,green peas 
292,Creamy Tofu with Mixed Vegetables,https://panlasangpinoy.com/creamy-tofu-with-mixed-vegetables/,carrots 
293,Creamy Tofu with Mixed Vegetables,https://panlasangpinoy.com/creamy-tofu-with-mixed-vegetables/,corn kernels 
294,Creamy Tofu with Mixed Vegetables,https://panlasangpinoy.com/creamy-tofu-with-mixed-vegetables/,piece onion 
295,Creamy Tofu with Mixed Vegetables,https://panlasangpinoy.com/creamy-tofu-with-mixed-vegetables/,garlic 
297,Creamy Tofu with Mixed Vegetables,https://panlasangpinoy.com/creamy-tofu-with-mixed-vegetables/,butter 
298,Creamy Tofu with Mixed Vegetables,https://panlasangpinoy.com/creamy-tofu-with-mixed-vegetables/,cooking oil 
299,Creamy Tofu with Mixed Vegetables,https://panlasangpinoy.com/creamy-tofu-with-mixed-vegetables/,water 
300,Egg Fried Rice,https://panlasangpinoy.com/egg-fried-rice/,eggs 
301,Egg Fried Rice,https://panlasangpinoy.com/egg-fried-rice/,see note 
302,Egg Fried Rice,https://panlasangpinoy.com/egg-fried-rice/,onion 
303,Egg Fried Rice,https://panlasangpinoy.com/egg-fried-rice/,bell pepper 
304,Egg Fried Rice,https://panlasangpinoy.com/egg-fried-rice/,sweet peppers 
305,Egg Fried Rice,https://panlasangpinoy.com/egg-fried-rice/,soy 
306,Egg Fried Rice,https://panlasangpinoy.com/egg-fried-rice/,sesame oil 
307,Egg Fried Rice,https://panlasangpinoy.com/egg-fried-rice/,green onion 
308,Egg Fried Rice,https://panlasangpinoy.com/egg-fried-rice/,salt 
309,Egg Fried Rice,https://panlasangpinoy.com/egg-fried-rice/,sugar see note 
310,Egg Fried Rice,https://panlasangpinoy.com/egg-fried-rice/,cooking oil 
311,Cheesy Pork Caldereta,https://panlasangpinoy.com/cheesy-pork-caldereta/,lbs pork ribs 
312,Cheesy Pork Caldereta,https://panlasangpinoy.com/cheesy-pork-caldereta/,piece Knorr Pork Cube 
314,Cheesy Pork Caldereta,https://panlasangpinoy.com/cheesy-pork-caldereta/,cheddar cheese 
315,Cheesy Pork Caldereta,https://panlasangpinoy.com/cheesy-pork-caldereta/,liver spread 
316,Cheesy Pork Caldereta,https://panlasangpinoy.com/cheesy-pork-caldereta/,piece red bell pepper 
317,Cheesy Pork Caldereta,https://panlasangpinoy.com/cheesy-pork-caldereta/,piece bell pepper 
318,Cheesy Pork Caldereta,https://panlasangpinoy.com/cheesy-pork-caldereta/,green peas 
319,Cheesy Pork Caldereta,https://panlasangpinoy.com/cheesy-pork-caldereta/,pieces potatoes 
320,Cheesy Pork Caldereta,https://panlasangpinoy.com/cheesy-pork-caldereta/,pieces carrots 
321,Cheesy Pork Caldereta,https://panlasangpinoy.com/cheesy-pork-caldereta/,tomato sauce 
322,Cheesy Pork Caldereta,https://panlasangpinoy.com/cheesy-pork-caldereta/,tomato 
323,Cheesy Pork Caldereta,https://panlasangpinoy.com/cheesy-pork-caldereta/,soy 
324,Cheesy Pork Caldereta,https://panlasangpinoy.com/cheesy-pork-caldereta/,water 
325,Cheesy Pork Caldereta,https://panlasangpinoy.com/cheesy-pork-caldereta/,piece onion 
326,Cheesy Pork Caldereta,https://panlasangpinoy.com/cheesy-pork-caldereta/,garlic 
328,Cheesy Pork Caldereta,https://panlasangpinoy.com/cheesy-pork-caldereta/,black pepper 
