names,url,ingredients
Mie Goreng,https://panlasangpinoy.com/mie-goreng/,230 grams Egg Noodles
Mie Goreng,https://panlasangpinoy.com/mie-goreng/,4 ounces chicken breast sliced into serving pieces
Mie Goreng,https://panlasangpinoy.com/mie-goreng/,3 ounces shrimp deveined and shells removed
Mie Goreng,https://panlasangpinoy.com/mie-goreng/,3 eggs beaten
Mie Goreng,https://panlasangpinoy.com/mie-goreng/,1 ¼ cup mung bean sprouts
Mie Goreng,https://panlasangpinoy.com/mie-goreng/,3 green onions cut into 2-inch pieces
Mie Goreng,https://panlasangpinoy.com/mie-goreng/,3 baby bok choy chopped
Mie Goreng,https://panlasangpinoy.com/mie-goreng/,5 cloves garlic minced
Mie Goreng,https://panlasangpinoy.com/mie-goreng/,1 quart water
Mie Goreng,https://panlasangpinoy.com/mie-goreng/,4 tablespoons cooking oil
Mie Goreng,https://panlasangpinoy.com/mie-goreng/,3 tablespoons kecap manis
Mie Goreng,https://panlasangpinoy.com/mie-goreng/,3 tablespoons soy sauce
Mie Goreng,https://panlasangpinoy.com/mie-goreng/,1 tablespoon Oyster Sauce
Mie Goreng,https://panlasangpinoy.com/mie-goreng/,2 tablespoons tomato ketchup
Mie Goreng,https://panlasangpinoy.com/mie-goreng/,2 teaspoons sambal oelek
Mie Goreng,https://panlasangpinoy.com/mie-goreng/,2 teaspoons Sesame Oil
Batangas Kaldereta,https://panlasangpinoy.com/batangas-kaldereta/,3 lbs beef chuck sliced into 1 ½ inch cubes
Batangas Kaldereta,https://panlasangpinoy.com/batangas-kaldereta/,3 pcs red onions chopped
Batangas Kaldereta,https://panlasangpinoy.com/batangas-kaldereta/,8 cloves garlic chopped
Batangas Kaldereta,https://panlasangpinoy.com/batangas-kaldereta/,3 oz liver spread
Batangas Kaldereta,https://panlasangpinoy.com/batangas-kaldereta/,2 tbsp peanut butter optional
Batangas Kaldereta,https://panlasangpinoy.com/batangas-kaldereta/,1/4 cup cheddar cheese shredded
Batangas Kaldereta,https://panlasangpinoy.com/batangas-kaldereta/,3 tbsp sweet pickle relish
Batangas Kaldereta,https://panlasangpinoy.com/batangas-kaldereta/,1 tsp annatto powder
Batangas Kaldereta,https://panlasangpinoy.com/batangas-kaldereta/,1 tbsp  beef powder
Batangas Kaldereta,https://panlasangpinoy.com/batangas-kaldereta/,3 pcs Thai chili pepper chopped
Batangas Kaldereta,https://panlasangpinoy.com/batangas-kaldereta/,1/4 cup  soy sauce
Batangas Kaldereta,https://panlasangpinoy.com/batangas-kaldereta/,3 tbsp Worcestershire sauce
Batangas Kaldereta,https://panlasangpinoy.com/batangas-kaldereta/,4 cups water
Batangas Kaldereta,https://panlasangpinoy.com/batangas-kaldereta/,3 tbsp margarine
Batangas Kaldereta,https://panlasangpinoy.com/batangas-kaldereta/,2 tbsp  breadcrumbs
Batangas Kaldereta,https://panlasangpinoy.com/batangas-kaldereta/,salt to taste
Batangas Kaldereta,https://panlasangpinoy.com/batangas-kaldereta/,ground black pepper to taste
Burger Steak Sardinas,https://panlasangpinoy.com/burger-steak-sardinas/,2 cans  sardines in tomato sauce
Burger Steak Sardinas,https://panlasangpinoy.com/burger-steak-sardinas/,1 banana blossoms minced
Burger Steak Sardinas,https://panlasangpinoy.com/burger-steak-sardinas/,1 egg
Burger Steak Sardinas,https://panlasangpinoy.com/burger-steak-sardinas/,½ cup all-purpose flour
Burger Steak Sardinas,https://panlasangpinoy.com/burger-steak-sardinas/,1 teaspoon onion powder
Burger Steak Sardinas,https://panlasangpinoy.com/burger-steak-sardinas/,½ teaspoon garlic powder
Burger Steak Sardinas,https://panlasangpinoy.com/burger-steak-sardinas/,½ teaspoon salt
Burger Steak Sardinas,https://panlasangpinoy.com/burger-steak-sardinas/,¼ teaspoon ground black pepper
Burger Steak Sardinas,https://panlasangpinoy.com/burger-steak-sardinas/,¼ cup cooking oil
Burger Steak Sardinas,https://panlasangpinoy.com/burger-steak-sardinas/,2 tablespoons butter
Burger Steak Sardinas,https://panlasangpinoy.com/burger-steak-sardinas/,5 tablespoons all-purpose flour
Burger Steak Sardinas,https://panlasangpinoy.com/burger-steak-sardinas/,1 cup milk
Burger Steak Sardinas,https://panlasangpinoy.com/burger-steak-sardinas/,1 teaspoon onion powder
Burger Steak Sardinas,https://panlasangpinoy.com/burger-steak-sardinas/,Salt and ground black pepper to taste
Kung Pao Chicken Recipe,https://panlasangpinoy.com/kung-pao-chicken-recipe/,1 ½ lbs boneless chicken thigh diced
Kung Pao Chicken Recipe,https://panlasangpinoy.com/kung-pao-chicken-recipe/,1 tablespoon soy sauce
Kung Pao Chicken Recipe,https://panlasangpinoy.com/kung-pao-chicken-recipe/,1 tablespoon Shaoxing cooking wine
Kung Pao Chicken Recipe,https://panlasangpinoy.com/kung-pao-chicken-recipe/,2 teaspoons cornstarch
Kung Pao Chicken Recipe,https://panlasangpinoy.com/kung-pao-chicken-recipe/,A pinch of salt
Kung Pao Chicken Recipe,https://panlasangpinoy.com/kung-pao-chicken-recipe/,8 pieces dried chilies
Kung Pao Chicken Recipe,https://panlasangpinoy.com/kung-pao-chicken-recipe/,1 tablespoon ginger  minced
Kung Pao Chicken Recipe,https://panlasangpinoy.com/kung-pao-chicken-recipe/,4 cloves garlic minced
Kung Pao Chicken Recipe,https://panlasangpinoy.com/kung-pao-chicken-recipe/,5 stems  green onions chopped
Kung Pao Chicken Recipe,https://panlasangpinoy.com/kung-pao-chicken-recipe/,1 zucchini diced
Kung Pao Chicken Recipe,https://panlasangpinoy.com/kung-pao-chicken-recipe/,1 red bell pepper  diced
Kung Pao Chicken Recipe,https://panlasangpinoy.com/kung-pao-chicken-recipe/,1/2 roasted peanuts
Kung Pao Chicken Recipe,https://panlasangpinoy.com/kung-pao-chicken-recipe/,3 tablespoons cooking oil
Kung Pao Chicken Recipe,https://panlasangpinoy.com/kung-pao-chicken-recipe/,2 tablespoons soy sauce
Kung Pao Chicken Recipe,https://panlasangpinoy.com/kung-pao-chicken-recipe/,1 tablespoon dark soy sauce
Kung Pao Chicken Recipe,https://panlasangpinoy.com/kung-pao-chicken-recipe/,1 tablespoon rice vinegar
Kung Pao Chicken Recipe,https://panlasangpinoy.com/kung-pao-chicken-recipe/,1 tablespoon honey
Kung Pao Chicken Recipe,https://panlasangpinoy.com/kung-pao-chicken-recipe/,2 tablespoons Shaoxing cooking wine
Kung Pao Chicken Recipe,https://panlasangpinoy.com/kung-pao-chicken-recipe/,1 teaspoons cornstarch
Kung Pao Chicken Recipe,https://panlasangpinoy.com/kung-pao-chicken-recipe/,1/2 cup chicken stock
Crispy Garlic Fried Chicken Wings,https://panlasangpinoy.com/crispy-garlic-fried-chicken-wings/,2 lbs. chicken wings
Crispy Garlic Fried Chicken Wings,https://panlasangpinoy.com/crispy-garlic-fried-chicken-wings/,1 egg beaten
Crispy Garlic Fried Chicken Wings,https://panlasangpinoy.com/crispy-garlic-fried-chicken-wings/,1 tablespoon cornstarch
Crispy Garlic Fried Chicken Wings,https://panlasangpinoy.com/crispy-garlic-fried-chicken-wings/,2 tablespoons all-purpose flour
Crispy Garlic Fried Chicken Wings,https://panlasangpinoy.com/crispy-garlic-fried-chicken-wings/,2 cups cooking oil
Crispy Garlic Fried Chicken Wings,https://panlasangpinoy.com/crispy-garlic-fried-chicken-wings/,2 teaspoons garlic powder
Crispy Garlic Fried Chicken Wings,https://panlasangpinoy.com/crispy-garlic-fried-chicken-wings/,2 teaspoons onion powder
Crispy Garlic Fried Chicken Wings,https://panlasangpinoy.com/crispy-garlic-fried-chicken-wings/,1 teaspoon paprika
Crispy Garlic Fried Chicken Wings,https://panlasangpinoy.com/crispy-garlic-fried-chicken-wings/,1 head garlic crushed
Crispy Garlic Fried Chicken Wings,https://panlasangpinoy.com/crispy-garlic-fried-chicken-wings/,½ teaspoon ground white pepper
Crispy Garlic Fried Chicken Wings,https://panlasangpinoy.com/crispy-garlic-fried-chicken-wings/,¾ teaspoon salt
Crispy Garlic Fried Chicken Wings,https://panlasangpinoy.com/crispy-garlic-fried-chicken-wings/,2 tablespoons soy sauce
Crispy Garlic Fried Chicken Wings,https://panlasangpinoy.com/crispy-garlic-fried-chicken-wings/,¾ cup mayonnaise
Crispy Garlic Fried Chicken Wings,https://panlasangpinoy.com/crispy-garlic-fried-chicken-wings/,¾ cup sour cream
Crispy Garlic Fried Chicken Wings,https://panlasangpinoy.com/crispy-garlic-fried-chicken-wings/,1 teaspoon dill chopped
Crispy Garlic Fried Chicken Wings,https://panlasangpinoy.com/crispy-garlic-fried-chicken-wings/,1/2 teaspoon parsley chopped
Crispy Garlic Fried Chicken Wings,https://panlasangpinoy.com/crispy-garlic-fried-chicken-wings/,1/4 teaspoon garlic powder
Crispy Garlic Fried Chicken Wings,https://panlasangpinoy.com/crispy-garlic-fried-chicken-wings/,1/8 teaspoon onion powder
Crispy Garlic Fried Chicken Wings,https://panlasangpinoy.com/crispy-garlic-fried-chicken-wings/,1/4 teaspoon kosher salt adjust to taste
Crispy Garlic Fried Chicken Wings,https://panlasangpinoy.com/crispy-garlic-fried-chicken-wings/,1/8 teaspoon freshly ground black pepper
Crispy Garlic Fried Chicken Wings,https://panlasangpinoy.com/crispy-garlic-fried-chicken-wings/,1 lime
Sarciadong Pechay,https://panlasangpinoy.com/sarciadong-pechay/,3 bunches pechay
Sarciadong Pechay,https://panlasangpinoy.com/sarciadong-pechay/,2 eggs beaten
Sarciadong Pechay,https://panlasangpinoy.com/sarciadong-pechay/,2 tomatoes
Sarciadong Pechay,https://panlasangpinoy.com/sarciadong-pechay/,5 cloves garlic minced
Sarciadong Pechay,https://panlasangpinoy.com/sarciadong-pechay/,1 onion minced
Sarciadong Pechay,https://panlasangpinoy.com/sarciadong-pechay/,1 cup water
Sarciadong Pechay,https://panlasangpinoy.com/sarciadong-pechay/,2 tablespoons cooking oil
Sarciadong Pechay,https://panlasangpinoy.com/sarciadong-pechay/,Fish sauce and ground black pepper to taste
Calderetang Manok,https://panlasangpinoy.com/calderetang-manok/,3 lbs chicken cut into serving pieces
Calderetang Manok,https://panlasangpinoy.com/calderetang-manok/,2 bell peppers (see notes)
Calderetang Manok,https://panlasangpinoy.com/calderetang-manok/,1 potato diced
Calderetang Manok,https://panlasangpinoy.com/calderetang-manok/,2 carrots diced
Calderetang Manok,https://panlasangpinoy.com/calderetang-manok/,8 ounces tomato sauce
Calderetang Manok,https://panlasangpinoy.com/calderetang-manok/,3 ounces liver spread (see notes)
Calderetang Manok,https://panlasangpinoy.com/calderetang-manok/,4 tablespoons soy sauce
Calderetang Manok,https://panlasangpinoy.com/calderetang-manok/,1 1/2 cups water
Calderetang Manok,https://panlasangpinoy.com/calderetang-manok/,1 onion minced
Calderetang Manok,https://panlasangpinoy.com/calderetang-manok/,5 cloves garlic
Calderetang Manok,https://panlasangpinoy.com/calderetang-manok/,1 ½ teaspoons garlic powder
Calderetang Manok,https://panlasangpinoy.com/calderetang-manok/,1 ounce cheese (see notes)
Calderetang Manok,https://panlasangpinoy.com/calderetang-manok/,½ cup cooking oil
Calderetang Manok,https://panlasangpinoy.com/calderetang-manok/,1 lime (see notes)
Calderetang Manok,https://panlasangpinoy.com/calderetang-manok/,Fish sauce and ground black pepper to taste
Ginisang Repolyo with Egg,https://panlasangpinoy.com/ginisang-repolyo-with-egg/,1 head cabbage chopped
Ginisang Repolyo with Egg,https://panlasangpinoy.com/ginisang-repolyo-with-egg/,5 eggs
Ginisang Repolyo with Egg,https://panlasangpinoy.com/ginisang-repolyo-with-egg/,2 carrots julienne (optional)
Ginisang Repolyo with Egg,https://panlasangpinoy.com/ginisang-repolyo-with-egg/,1 onion chopped
Ginisang Repolyo with Egg,https://panlasangpinoy.com/ginisang-repolyo-with-egg/,1 bunch green onions chopped
Ginisang Repolyo with Egg,https://panlasangpinoy.com/ginisang-repolyo-with-egg/,5 cloves garlic minced
Ginisang Repolyo with Egg,https://panlasangpinoy.com/ginisang-repolyo-with-egg/,3 tablespoons soy sauce
Ginisang Repolyo with Egg,https://panlasangpinoy.com/ginisang-repolyo-with-egg/,1 1/2 tablespoons oyster sauce
Ginisang Repolyo with Egg,https://panlasangpinoy.com/ginisang-repolyo-with-egg/,2 teaspoons sesame oil optional
Ginisang Repolyo with Egg,https://panlasangpinoy.com/ginisang-repolyo-with-egg/,2 tablespoons salt
Ginisang Repolyo with Egg,https://panlasangpinoy.com/ginisang-repolyo-with-egg/,1/4  teaspoon ground black pepper
Ginisang Repolyo with Egg,https://panlasangpinoy.com/ginisang-repolyo-with-egg/,1/2 teaspoon sugar optional
Ginisang Repolyo with Egg,https://panlasangpinoy.com/ginisang-repolyo-with-egg/,5 tablespoons cooking oil
Chicken Gizzard Ginataan,https://panlasangpinoy.com/chicken-gizzard-ginataan/,3 lbs chicken gizzard
Chicken Gizzard Ginataan,https://panlasangpinoy.com/chicken-gizzard-ginataan/,2 cups coconut milk
Chicken Gizzard Ginataan,https://panlasangpinoy.com/chicken-gizzard-ginataan/,1 bunch  kangkong leaves
Chicken Gizzard Ginataan,https://panlasangpinoy.com/chicken-gizzard-ginataan/,1 red bell pepper
Chicken Gizzard Ginataan,https://panlasangpinoy.com/chicken-gizzard-ginataan/,1 onion minced
Chicken Gizzard Ginataan,https://panlasangpinoy.com/chicken-gizzard-ginataan/,2 thumbs  ginger minced
Chicken Gizzard Ginataan,https://panlasangpinoy.com/chicken-gizzard-ginataan/,5 cloves garlic minced
Chicken Gizzard Ginataan,https://panlasangpinoy.com/chicken-gizzard-ginataan/,3 bay leaves
Chicken Gizzard Ginataan,https://panlasangpinoy.com/chicken-gizzard-ginataan/,3 tablespoons cooking oil
Chicken Gizzard Ginataan,https://panlasangpinoy.com/chicken-gizzard-ginataan/,1 quart water
Chicken Gizzard Ginataan,https://panlasangpinoy.com/chicken-gizzard-ginataan/,Fish sauce and ground black pepper to taste
Filipino Chicken Adobo Recipe,https://panlasangpinoy.com/filipino-chicken-adobo-recipe/,2 lbs chicken (note 1)
Filipino Chicken Adobo Recipe,https://panlasangpinoy.com/filipino-chicken-adobo-recipe/,3 pieces dried bay leaves (note 2)
Filipino Chicken Adobo Recipe,https://panlasangpinoy.com/filipino-chicken-adobo-recipe/,4 tablespoons soy sauce (note 3)
Filipino Chicken Adobo Recipe,https://panlasangpinoy.com/filipino-chicken-adobo-recipe/,6 tablespoons white vinegar (note 4)
Filipino Chicken Adobo Recipe,https://panlasangpinoy.com/filipino-chicken-adobo-recipe/,5 cloves garlic (note 5)
Filipino Chicken Adobo Recipe,https://panlasangpinoy.com/filipino-chicken-adobo-recipe/,1 1/2 cups water
Filipino Chicken Adobo Recipe,https://panlasangpinoy.com/filipino-chicken-adobo-recipe/,3  tablespoons cooking oil
Filipino Chicken Adobo Recipe,https://panlasangpinoy.com/filipino-chicken-adobo-recipe/,1 teaspoon sugar (note 6)
Filipino Chicken Adobo Recipe,https://panlasangpinoy.com/filipino-chicken-adobo-recipe/,1/4 teaspoon salt  (note 7)
Filipino Chicken Adobo Recipe,https://panlasangpinoy.com/filipino-chicken-adobo-recipe/,1  teaspoon whole peppercorn (note 8)
Pork Kilawin,https://panlasangpinoy.com/pork-kilawin/,1 lb pork belly
Pork Kilawin,https://panlasangpinoy.com/pork-kilawin/,2 cucumbers sliced
Pork Kilawin,https://panlasangpinoy.com/pork-kilawin/,2 tomatoes (optional)
Pork Kilawin,https://panlasangpinoy.com/pork-kilawin/,1 red onion sliced
Pork Kilawin,https://panlasangpinoy.com/pork-kilawin/,3 pieces chili pepper chopped
Pork Kilawin,https://panlasangpinoy.com/pork-kilawin/,¾ cup white vinegar
Pork Kilawin,https://panlasangpinoy.com/pork-kilawin/,2 teaspoons soy sauce
Pork Kilawin,https://panlasangpinoy.com/pork-kilawin/,2 teaspoons white sugar
Pork Kilawin,https://panlasangpinoy.com/pork-kilawin/,¼ teaspoon salt
Pork Kilawin,https://panlasangpinoy.com/pork-kilawin/,¼ teaspoon ground black pepper
Pork Kilawin,https://panlasangpinoy.com/pork-kilawin/,½ cup soy sauce
Pork Kilawin,https://panlasangpinoy.com/pork-kilawin/,¼ cup banana ketchup
Pork Kilawin,https://panlasangpinoy.com/pork-kilawin/,1 head  garlic
Pork Kilawin,https://panlasangpinoy.com/pork-kilawin/,½ lemon
Pork Kilawin,https://panlasangpinoy.com/pork-kilawin/,1 teaspoon onion powder
Pork Kilawin,https://panlasangpinoy.com/pork-kilawin/,½ teaspoon salt
Pork Kilawin,https://panlasangpinoy.com/pork-kilawin/,¼ teaspoon ground black pepper
Pork Hamonado Recipe,https://panlasangpinoy.com/pork-hamonado/,2 lbs. pork belly sliced into serving pieces
Pork Hamonado Recipe,https://panlasangpinoy.com/pork-hamonado/,2 cups pineapple juice
Pork Hamonado Recipe,https://panlasangpinoy.com/pork-hamonado/,20 ounces pineapple chunks
Pork Hamonado Recipe,https://panlasangpinoy.com/pork-hamonado/,6 cloves garlic crushed
Pork Hamonado Recipe,https://panlasangpinoy.com/pork-hamonado/,6 tablespoons soy sauce
Pork Hamonado Recipe,https://panlasangpinoy.com/pork-hamonado/,3 tablespoons brown sugar
Pork Hamonado Recipe,https://panlasangpinoy.com/pork-hamonado/,2 teaspoons whole peppercorn
Pork Hamonado Recipe,https://panlasangpinoy.com/pork-hamonado/,3 tablespoons cooking oil
Pork Hamonado Recipe,https://panlasangpinoy.com/pork-hamonado/,Salt to taste
Braised Pork Belly with Potato and Peppers,https://panlasangpinoy.com/braised-pork-belly-with-potato-and-peppers/,2 lbs. pork belly cubed
Braised Pork Belly with Potato and Peppers,https://panlasangpinoy.com/braised-pork-belly-with-potato-and-peppers/,2 pieces potato cut into large cubes
Braised Pork Belly with Potato and Peppers,https://panlasangpinoy.com/braised-pork-belly-with-potato-and-peppers/,3 tablespoons soy sauce
Braised Pork Belly with Potato and Peppers,https://panlasangpinoy.com/braised-pork-belly-with-potato-and-peppers/,2 tablespoons oyster sauce
Braised Pork Belly with Potato and Peppers,https://panlasangpinoy.com/braised-pork-belly-with-potato-and-peppers/,2 tablespoons white vinegar
Braised Pork Belly with Potato and Peppers,https://panlasangpinoy.com/braised-pork-belly-with-potato-and-peppers/,3 pieces dried bay leaves
Braised Pork Belly with Potato and Peppers,https://panlasangpinoy.com/braised-pork-belly-with-potato-and-peppers/,5 cloves garlic
Braised Pork Belly with Potato and Peppers,https://panlasangpinoy.com/braised-pork-belly-with-potato-and-peppers/,1 piece onion chopped
Braised Pork Belly with Potato and Peppers,https://panlasangpinoy.com/braised-pork-belly-with-potato-and-peppers/,2 pieces tomatoes chopped
Braised Pork Belly with Potato and Peppers,https://panlasangpinoy.com/braised-pork-belly-with-potato-and-peppers/,3 cups water
Braised Pork Belly with Potato and Peppers,https://panlasangpinoy.com/braised-pork-belly-with-potato-and-peppers/,1 teaspoon brown sugar
Braised Pork Belly with Potato and Peppers,https://panlasangpinoy.com/braised-pork-belly-with-potato-and-peppers/,¼ teaspoon ground black pepper
Braised Pork Belly with Potato and Peppers,https://panlasangpinoy.com/braised-pork-belly-with-potato-and-peppers/,Salt to taste
Fried Eggplant (Crispy Fritters),https://panlasangpinoy.com/fried-eggplant-crispy-fritters/,5 pieces Chinese eggplants
Fried Eggplant (Crispy Fritters),https://panlasangpinoy.com/fried-eggplant-crispy-fritters/,2 pieces eggs
Fried Eggplant (Crispy Fritters),https://panlasangpinoy.com/fried-eggplant-crispy-fritters/,1 bunch  green onions chopped
Fried Eggplant (Crispy Fritters),https://panlasangpinoy.com/fried-eggplant-crispy-fritters/,4 tablespoons cornstarch
Fried Eggplant (Crispy Fritters),https://panlasangpinoy.com/fried-eggplant-crispy-fritters/,8 tablespoons all-purpose flour
Fried Eggplant (Crispy Fritters),https://panlasangpinoy.com/fried-eggplant-crispy-fritters/,½ teaspoon baking powder
Fried Eggplant (Crispy Fritters),https://panlasangpinoy.com/fried-eggplant-crispy-fritters/,5 teaspoons salt
Fried Eggplant (Crispy Fritters),https://panlasangpinoy.com/fried-eggplant-crispy-fritters/,¼ teaspoon ground black pepper
Fried Eggplant (Crispy Fritters),https://panlasangpinoy.com/fried-eggplant-crispy-fritters/,2 cups water
Fried Eggplant (Crispy Fritters),https://panlasangpinoy.com/fried-eggplant-crispy-fritters/,2 cups cooking oil
Fried Eggplant (Crispy Fritters),https://panlasangpinoy.com/fried-eggplant-crispy-fritters/,1 cup white vinegar
Fried Eggplant (Crispy Fritters),https://panlasangpinoy.com/fried-eggplant-crispy-fritters/,2 teaspoons soy sauce
Fried Eggplant (Crispy Fritters),https://panlasangpinoy.com/fried-eggplant-crispy-fritters/,½ piece red onion chopped
Fried Eggplant (Crispy Fritters),https://panlasangpinoy.com/fried-eggplant-crispy-fritters/,2 tablespoons green onion chopped
Fried Eggplant (Crispy Fritters),https://panlasangpinoy.com/fried-eggplant-crispy-fritters/,3 pieces Thai chili pepper chopped
Fried Eggplant (Crispy Fritters),https://panlasangpinoy.com/fried-eggplant-crispy-fritters/,3 cloves garlic chopped
Fried Eggplant (Crispy Fritters),https://panlasangpinoy.com/fried-eggplant-crispy-fritters/,1 teaspoon sugar
Fried Eggplant (Crispy Fritters),https://panlasangpinoy.com/fried-eggplant-crispy-fritters/,¼ teaspoon salt
Fried Eggplant (Crispy Fritters),https://panlasangpinoy.com/fried-eggplant-crispy-fritters/,¼ teaspoon ground black pepper
Stir Fry Eggplant Recipe,https://panlasangpinoy.com/stir-fry-eggplant-recipe/,4 pieces Chinese eggplant sliced
Stir Fry Eggplant Recipe,https://panlasangpinoy.com/stir-fry-eggplant-recipe/,4 ounces ground pork
Stir Fry Eggplant Recipe,https://panlasangpinoy.com/stir-fry-eggplant-recipe/,2 tablespoons cornstarch
Stir Fry Eggplant Recipe,https://panlasangpinoy.com/stir-fry-eggplant-recipe/,2 tablespoons white vinegar
Stir Fry Eggplant Recipe,https://panlasangpinoy.com/stir-fry-eggplant-recipe/,¼ cup green onions chopped
Stir Fry Eggplant Recipe,https://panlasangpinoy.com/stir-fry-eggplant-recipe/,1 tablespoon salt
Stir Fry Eggplant Recipe,https://panlasangpinoy.com/stir-fry-eggplant-recipe/,2 cups water
Stir Fry Eggplant Recipe,https://panlasangpinoy.com/stir-fry-eggplant-recipe/,1 tablespoon cooking oil
Stir Fry Eggplant Recipe,https://panlasangpinoy.com/stir-fry-eggplant-recipe/,2 thumbs ginger minced
Stir Fry Eggplant Recipe,https://panlasangpinoy.com/stir-fry-eggplant-recipe/,4 cloves garlic minced
Stir Fry Eggplant Recipe,https://panlasangpinoy.com/stir-fry-eggplant-recipe/,5 pieces Thai chili pepper chopped
Stir Fry Eggplant Recipe,https://panlasangpinoy.com/stir-fry-eggplant-recipe/,1 teaspoon sugar
Stir Fry Eggplant Recipe,https://panlasangpinoy.com/stir-fry-eggplant-recipe/,¼ teaspoon salt
Stir Fry Eggplant Recipe,https://panlasangpinoy.com/stir-fry-eggplant-recipe/,1 tablespoon soy sauce
Stir Fry Eggplant Recipe,https://panlasangpinoy.com/stir-fry-eggplant-recipe/,1 tablespoon vinegar
Stir Fry Eggplant Recipe,https://panlasangpinoy.com/stir-fry-eggplant-recipe/,2 teaspoons oyster sauce
Stir Fry Eggplant Recipe,https://panlasangpinoy.com/stir-fry-eggplant-recipe/,¼ cup water
Ham Fried Rice,https://panlasangpinoy.com/ham-fried-rice/,4 cups cooked rice
Ham Fried Rice,https://panlasangpinoy.com/ham-fried-rice/,1 cup ham chopped
Ham Fried Rice,https://panlasangpinoy.com/ham-fried-rice/,1 piece bell pepper chopped
Ham Fried Rice,https://panlasangpinoy.com/ham-fried-rice/,1 piece onion chopped
Ham Fried Rice,https://panlasangpinoy.com/ham-fried-rice/,½ cup green onion chopped (white part separated from the green part)
Ham Fried Rice,https://panlasangpinoy.com/ham-fried-rice/,2 pieces eggs  beaten
Ham Fried Rice,https://panlasangpinoy.com/ham-fried-rice/,2 tablespoons soy sauce
Ham Fried Rice,https://panlasangpinoy.com/ham-fried-rice/,1 teaspoon sesame oil
Ham Fried Rice,https://panlasangpinoy.com/ham-fried-rice/,4 tablespoons canola oil
Ham Fried Rice,https://panlasangpinoy.com/ham-fried-rice/,Salt and ground black pepper to taste
Crispy Pancit Canton Noodles Recipe,https://panlasangpinoy.com/crispy-pancit-canton-noodles-recipe/,250 grams Pancit canton
Crispy Pancit Canton Noodles Recipe,https://panlasangpinoy.com/crispy-pancit-canton-noodles-recipe/,37 grams Knorr crab and Corn soup
Crispy Pancit Canton Noodles Recipe,https://panlasangpinoy.com/crispy-pancit-canton-noodles-recipe/,10 pieces shrimp cleaned
Crispy Pancit Canton Noodles Recipe,https://panlasangpinoy.com/crispy-pancit-canton-noodles-recipe/,12 pieces quail eggs boiled
Crispy Pancit Canton Noodles Recipe,https://panlasangpinoy.com/crispy-pancit-canton-noodles-recipe/,¼ lb. chicken thigh sliced
Crispy Pancit Canton Noodles Recipe,https://panlasangpinoy.com/crispy-pancit-canton-noodles-recipe/,1 piece carrot thinly sliced crosswise
Crispy Pancit Canton Noodles Recipe,https://panlasangpinoy.com/crispy-pancit-canton-noodles-recipe/,3 pieces baby bok choy halved
Crispy Pancit Canton Noodles Recipe,https://panlasangpinoy.com/crispy-pancit-canton-noodles-recipe/,1 bunch  green onion sliced
Crispy Pancit Canton Noodles Recipe,https://panlasangpinoy.com/crispy-pancit-canton-noodles-recipe/,3 cloves garlic chopped
Crispy Pancit Canton Noodles Recipe,https://panlasangpinoy.com/crispy-pancit-canton-noodles-recipe/,2 tablespoons oyster sauce
Crispy Pancit Canton Noodles Recipe,https://panlasangpinoy.com/crispy-pancit-canton-noodles-recipe/,1 teaspoon sesame oil
Crispy Pancit Canton Noodles Recipe,https://panlasangpinoy.com/crispy-pancit-canton-noodles-recipe/,2 cups water
Crispy Pancit Canton Noodles Recipe,https://panlasangpinoy.com/crispy-pancit-canton-noodles-recipe/,2 cups cooking oil
Easy Pork Afritada,https://panlasangpinoy.com/easy-pork-afritada/,2 lbs. pork belly cut into large cubes
Easy Pork Afritada,https://panlasangpinoy.com/easy-pork-afritada/,1 piece Knorr Pork Cube
Easy Pork Afritada,https://panlasangpinoy.com/easy-pork-afritada/,3 pieces  hotdogs sliced
Easy Pork Afritada,https://panlasangpinoy.com/easy-pork-afritada/,2 pieces potatoes cut into large cubes
Easy Pork Afritada,https://panlasangpinoy.com/easy-pork-afritada/,3 pieces carrots cut into large cubes
Easy Pork Afritada,https://panlasangpinoy.com/easy-pork-afritada/,16 ounces tomato sauce
Easy Pork Afritada,https://panlasangpinoy.com/easy-pork-afritada/,3 pieces bay leaves
Easy Pork Afritada,https://panlasangpinoy.com/easy-pork-afritada/,1 piece red bell pepper
Easy Pork Afritada,https://panlasangpinoy.com/easy-pork-afritada/,1 piece green bell pepper
Easy Pork Afritada,https://panlasangpinoy.com/easy-pork-afritada/,5 cloves garlic chopped
Easy Pork Afritada,https://panlasangpinoy.com/easy-pork-afritada/,1 piece onion chopped
Easy Pork Afritada,https://panlasangpinoy.com/easy-pork-afritada/,1 1/2 cups water
Easy Pork Afritada,https://panlasangpinoy.com/easy-pork-afritada/,Salt and ground black pepper to taste
Easy Pork Afritada,https://panlasangpinoy.com/easy-pork-afritada/,3 tablespoons cooking oil
Siomai (Pork and Shrimp) with Chili Garlic Oil,https://panlasangpinoy.com/siomai-pork-and-shrimp-with-chili-garlic-oil/,3 lbs. ground pork
Siomai (Pork and Shrimp) with Chili Garlic Oil,https://panlasangpinoy.com/siomai-pork-and-shrimp-with-chili-garlic-oil/,1 cup shrimp minced see notes
Siomai (Pork and Shrimp) with Chili Garlic Oil,https://panlasangpinoy.com/siomai-pork-and-shrimp-with-chili-garlic-oil/,12 ml. Knorr Liquid Seasoning
Siomai (Pork and Shrimp) with Chili Garlic Oil,https://panlasangpinoy.com/siomai-pork-and-shrimp-with-chili-garlic-oil/,½ cup onion minced
Siomai (Pork and Shrimp) with Chili Garlic Oil,https://panlasangpinoy.com/siomai-pork-and-shrimp-with-chili-garlic-oil/,½ cup carrot minced
Siomai (Pork and Shrimp) with Chili Garlic Oil,https://panlasangpinoy.com/siomai-pork-and-shrimp-with-chili-garlic-oil/,¼ cup green onion minced
Siomai (Pork and Shrimp) with Chili Garlic Oil,https://panlasangpinoy.com/siomai-pork-and-shrimp-with-chili-garlic-oil/,4 tablespoons cornstarch
Siomai (Pork and Shrimp) with Chili Garlic Oil,https://panlasangpinoy.com/siomai-pork-and-shrimp-with-chili-garlic-oil/,1 piece egg
Siomai (Pork and Shrimp) with Chili Garlic Oil,https://panlasangpinoy.com/siomai-pork-and-shrimp-with-chili-garlic-oil/,2 teaspoons sesame oil
Siomai (Pork and Shrimp) with Chili Garlic Oil,https://panlasangpinoy.com/siomai-pork-and-shrimp-with-chili-garlic-oil/,½ teaspoon salt
Siomai (Pork and Shrimp) with Chili Garlic Oil,https://panlasangpinoy.com/siomai-pork-and-shrimp-with-chili-garlic-oil/,¼ teaspoon ground black pepper
Siomai (Pork and Shrimp) with Chili Garlic Oil,https://panlasangpinoy.com/siomai-pork-and-shrimp-with-chili-garlic-oil/,50 pieces wonton wrapper
Siomai (Pork and Shrimp) with Chili Garlic Oil,https://panlasangpinoy.com/siomai-pork-and-shrimp-with-chili-garlic-oil/,2 heads  garlic peeled
Siomai (Pork and Shrimp) with Chili Garlic Oil,https://panlasangpinoy.com/siomai-pork-and-shrimp-with-chili-garlic-oil/,1/4 lb Thai chili pepper
Siomai (Pork and Shrimp) with Chili Garlic Oil,https://panlasangpinoy.com/siomai-pork-and-shrimp-with-chili-garlic-oil/,1 pieces star anise
Siomai (Pork and Shrimp) with Chili Garlic Oil,https://panlasangpinoy.com/siomai-pork-and-shrimp-with-chili-garlic-oil/,2 pieces bay leaves
Siomai (Pork and Shrimp) with Chili Garlic Oil,https://panlasangpinoy.com/siomai-pork-and-shrimp-with-chili-garlic-oil/,1 tablespoon white vinegar
Siomai (Pork and Shrimp) with Chili Garlic Oil,https://panlasangpinoy.com/siomai-pork-and-shrimp-with-chili-garlic-oil/,1 tablespoon brown sugar see notes
Siomai (Pork and Shrimp) with Chili Garlic Oil,https://panlasangpinoy.com/siomai-pork-and-shrimp-with-chili-garlic-oil/,1 teaspoon salt
Siomai (Pork and Shrimp) with Chili Garlic Oil,https://panlasangpinoy.com/siomai-pork-and-shrimp-with-chili-garlic-oil/,1 tablespoon oyster sauce see notes
Pork Chop Steak,https://panlasangpinoy.com/pork-chop-steak/,4 lbs. pork chop
Pork Chop Steak,https://panlasangpinoy.com/pork-chop-steak/,1 piece Knorr Pork Cube
Pork Chop Steak,https://panlasangpinoy.com/pork-chop-steak/,½ cup soy sauce
Pork Chop Steak,https://panlasangpinoy.com/pork-chop-steak/,1 piece lemon
Pork Chop Steak,https://panlasangpinoy.com/pork-chop-steak/,4 pieces yellow onions sliced into rings
Pork Chop Steak,https://panlasangpinoy.com/pork-chop-steak/,10 cloves garlic crushed and chopped
Pork Chop Steak,https://panlasangpinoy.com/pork-chop-steak/,1 teaspoon cornstarch
Pork Chop Steak,https://panlasangpinoy.com/pork-chop-steak/,2 cups water
Pork Chop Steak,https://panlasangpinoy.com/pork-chop-steak/,3 tablespoons cooking oil
Pork Chop Steak,https://panlasangpinoy.com/pork-chop-steak/,Ground black pepper to taste
Creamy Tofu with Mixed Vegetables,https://panlasangpinoy.com/creamy-tofu-with-mixed-vegetables/,48 ounces extra firm tofu diced
Creamy Tofu with Mixed Vegetables,https://panlasangpinoy.com/creamy-tofu-with-mixed-vegetables/,35 grams Knorr Cream of Mushroom
Creamy Tofu with Mixed Vegetables,https://panlasangpinoy.com/creamy-tofu-with-mixed-vegetables/,1 piece Knorr Chicken Cube
Creamy Tofu with Mixed Vegetables,https://panlasangpinoy.com/creamy-tofu-with-mixed-vegetables/,½ cup all-purpose cream
Creamy Tofu with Mixed Vegetables,https://panlasangpinoy.com/creamy-tofu-with-mixed-vegetables/,¾ cup green peas
Creamy Tofu with Mixed Vegetables,https://panlasangpinoy.com/creamy-tofu-with-mixed-vegetables/,¾ cup carrots diced
Creamy Tofu with Mixed Vegetables,https://panlasangpinoy.com/creamy-tofu-with-mixed-vegetables/,¾ cups corn kernels
Creamy Tofu with Mixed Vegetables,https://panlasangpinoy.com/creamy-tofu-with-mixed-vegetables/,1 piece onion minced
Creamy Tofu with Mixed Vegetables,https://panlasangpinoy.com/creamy-tofu-with-mixed-vegetables/,3 cloves garlic minced
Creamy Tofu with Mixed Vegetables,https://panlasangpinoy.com/creamy-tofu-with-mixed-vegetables/,2 tablespoons roasted garlic optional
Creamy Tofu with Mixed Vegetables,https://panlasangpinoy.com/creamy-tofu-with-mixed-vegetables/,3 tablespoons butter
Creamy Tofu with Mixed Vegetables,https://panlasangpinoy.com/creamy-tofu-with-mixed-vegetables/,1 cup cooking oil
Creamy Tofu with Mixed Vegetables,https://panlasangpinoy.com/creamy-tofu-with-mixed-vegetables/,2 cups water
Egg Fried Rice,https://panlasangpinoy.com/egg-fried-rice/,4 eggs see note 1
Egg Fried Rice,https://panlasangpinoy.com/egg-fried-rice/,4 cups leftover rice see note 2
Egg Fried Rice,https://panlasangpinoy.com/egg-fried-rice/,1 onion chopped
Egg Fried Rice,https://panlasangpinoy.com/egg-fried-rice/,1/2 bell pepper chopped
Egg Fried Rice,https://panlasangpinoy.com/egg-fried-rice/,3 sweet peppers chopped
Egg Fried Rice,https://panlasangpinoy.com/egg-fried-rice/,2 tablespoons soy sauce
Egg Fried Rice,https://panlasangpinoy.com/egg-fried-rice/,1 teaspoon sesame oil
Egg Fried Rice,https://panlasangpinoy.com/egg-fried-rice/,3/4 cup green onion chopped
Egg Fried Rice,https://panlasangpinoy.com/egg-fried-rice/,1/4 teaspoon salt
Egg Fried Rice,https://panlasangpinoy.com/egg-fried-rice/,1/2 teaspoon sugar see note 3
Egg Fried Rice,https://panlasangpinoy.com/egg-fried-rice/,4 tablespoons cooking oil
Cheesy Pork Caldereta,https://panlasangpinoy.com/cheesy-pork-caldereta/,3 lbs. pork ribs see note 1
Cheesy Pork Caldereta,https://panlasangpinoy.com/cheesy-pork-caldereta/,1 piece Knorr Pork Cube
Cheesy Pork Caldereta,https://panlasangpinoy.com/cheesy-pork-caldereta/,1 teaspoon Knorr Liquid Seasoning
Cheesy Pork Caldereta,https://panlasangpinoy.com/cheesy-pork-caldereta/,½ cup cheddar cheese grated
Cheesy Pork Caldereta,https://panlasangpinoy.com/cheesy-pork-caldereta/,¼ cup liver spread see note 2
Cheesy Pork Caldereta,https://panlasangpinoy.com/cheesy-pork-caldereta/,1 piece red bell pepper
Cheesy Pork Caldereta,https://panlasangpinoy.com/cheesy-pork-caldereta/,1 piece green bell pepper
Cheesy Pork Caldereta,https://panlasangpinoy.com/cheesy-pork-caldereta/,¾ cup green peas
Cheesy Pork Caldereta,https://panlasangpinoy.com/cheesy-pork-caldereta/,2 pieces potatoes diced
Cheesy Pork Caldereta,https://panlasangpinoy.com/cheesy-pork-caldereta/,2 pieces carrots diced
Cheesy Pork Caldereta,https://panlasangpinoy.com/cheesy-pork-caldereta/,8 ounces tomato sauce
Cheesy Pork Caldereta,https://panlasangpinoy.com/cheesy-pork-caldereta/,2 tablespoons tomato paste
Cheesy Pork Caldereta,https://panlasangpinoy.com/cheesy-pork-caldereta/,3 tablespoons soy sauce
Cheesy Pork Caldereta,https://panlasangpinoy.com/cheesy-pork-caldereta/,4 cups water
Cheesy Pork Caldereta,https://panlasangpinoy.com/cheesy-pork-caldereta/,1 piece onion chopped
Cheesy Pork Caldereta,https://panlasangpinoy.com/cheesy-pork-caldereta/,4 cloves garlic minced
Cheesy Pork Caldereta,https://panlasangpinoy.com/cheesy-pork-caldereta/,3 tablespoons cooking oil
Cheesy Pork Caldereta,https://panlasangpinoy.com/cheesy-pork-caldereta/,Salt and ground black pepper
